,list
0,Manichitrathazhu
1,Sandesham
2,Kireedam
3,#Home
4,Kumbalangi Nights
5,Nadodikkattu
6,Devasuram
7,Chithram
8,Drishyam 2
9,Spadikam
10,Kilukkam
11,Godfather
12,In Harihar Nagar
13,Thoovanathumbikal
14,Drishyam
15,Oru Vadakkan Veeragatha
16,Premam
17,Bangalore Days
18,Kaalapani
19,Ramji Rav Speaking
20,Yoddha
21,Mouna Ragam
22,Maheshinte Prathikaaram
23,Thaniyavartanam
24,Guru
25,Jana Gana Mana
26,Ustad Hotel
27,Thanmathra
28,The Great Indian Kitchen
29,Bharatham
30,Ee. Ma. Yau
31,Pranchiyettan and the Saint
32,Namukku Parkkan Munthiri Thoppukal
33,Dasharatham
34,Pathemari
35,Vatsalyam
36,Sudani from Nigeria
37,Take Off
38,Vadakkunokkiyantram
39,Amaram
40,Nayattu
41,Thondimuthalum Dhriksakshiyum
42,Android Kunjappan Version 5.25
43,Pattanapravesam
44,Traffic
45,Classmates
46,Ayyappanum Koshiyum
47,Kaazhcha
48,Thenmavin Kombath
49,Operation Java
